[{"model": "auth.permission", "pk": 1, "fields": {"name": "Can add log entry", "content_type": 1, "codename": "add_logentry"}}, {"model": "auth.permission", "pk": 2, "fields": {"name": "Can change log entry", "content_type": 1, "codename": "change_logentry"}}, {"model": "auth.permission", "pk": 3, "fields": {"name": "Can delete log entry", "content_type": 1, "codename": "delete_logentry"}}, {"model": "auth.permission", "pk": 4, "fields": {"name": "Can view log entry", "content_type": 1, "codename": "view_logentry"}}, {"model": "auth.permission", "pk": 5, "fields": {"name": "Can add permission", "content_type": 2, "codename": "add_permission"}}, {"model": "auth.permission", "pk": 6, "fields": {"name": "Can change permission", "content_type": 2, "codename": "change_permission"}}, {"model": "auth.permission", "pk": 7, "fields": {"name": "Can delete permission", "content_type": 2, "codename": "delete_permission"}}, {"model": "auth.permission", "pk": 8, "fields": {"name": "Can view permission", "content_type": 2, "codename": "view_permission"}}, {"model": "auth.permission", "pk": 9, "fields": {"name": "Can add group", "content_type": 3, "codename": "add_group"}}, {"model": "auth.permission", "pk": 10, "fields": {"name": "Can change group", "content_type": 3, "codename": "change_group"}}, {"model": "auth.permission", "pk": 11, "fields": {"name": "Can delete group", "content_type": 3, "codename": "delete_group"}}, {"model": "auth.permission", "pk": 12, "fields": {"name": "Can view group", "content_type": 3, "codename": "view_group"}}, {"model": "auth.permission", "pk": 13, "fields": {"name": "Can add user", "content_type": 4, "codename": "add_user"}}, {"model": "auth.permission", "pk": 14, "fields": {"name": "Can change user", "content_type": 4, "codename": "change_user"}}, {"model": "auth.permission", "pk": 15, "fields": {"name": "Can delete user", "content_type": 4, "codename": "delete_user"}}, {"model": "auth.permission", "pk": 16, "fields": {"name": "Can view user", "content_type": 4, "codename": "view_user"}}, {"model": "auth.permission", "pk": 17, "fields": {"name": "Can add content type", "content_type": 5, "codename": "add_contenttype"}}, {"model": "auth.permission", "pk": 18, "fields": {"name": "Can change content type", "content_type": 5, "codename": "change_contenttype"}}, {"model": "auth.permission", "pk": 19, "fields": {"name": "Can delete content type", "content_type": 5, "codename": "delete_contenttype"}}, {"model": "auth.permission", "pk": 20, "fields": {"name": "Can view content type", "content_type": 5, "codename": "view_contenttype"}}, {"model": "auth.permission", "pk": 21, "fields": {"name": "Can add session", "content_type": 6, "codename": "add_session"}}, {"model": "auth.permission", "pk": 22, "fields": {"name": "Can change session", "content_type": 6, "codename": "change_session"}}, {"model": "auth.permission", "pk": 23, "fields": {"name": "Can delete session", "content_type": 6, "codename": "delete_session"}}, {"model": "auth.permission", "pk": 24, "fields": {"name": "Can view session", "content_type": 6, "codename": "view_session"}}, {"model": "auth.permission", "pk": 25, "fields": {"name": "Can add category", "content_type": 7, "codename": "add_category"}}, {"model": "auth.permission", "pk": 26, "fields": {"name": "Can change category", "content_type": 7, "codename": "change_category"}}, {"model": "auth.permission", "pk": 27, "fields": {"name": "Can delete category", "content_type": 7, "codename": "delete_category"}}, {"model": "auth.permission", "pk": 28, "fields": {"name": "Can view category", "content_type": 7, "codename": "view_category"}}, {"model": "auth.permission", "pk": 29, "fields": {"name": "Can add genre", "content_type": 8, "codename": "add_genre"}}, {"model": "auth.permission", "pk": 30, "fields": {"name": "Can change genre", "content_type": 8, "codename": "change_genre"}}, {"model": "auth.permission", "pk": 31, "fields": {"name": "Can delete genre", "content_type": 8, "codename": "delete_genre"}}, {"model": "auth.permission", "pk": 32, "fields": {"name": "Can view genre", "content_type": 8, "codename": "view_genre"}}, {"model": "auth.permission", "pk": 33, "fields": {"name": "Can add title", "content_type": 9, "codename": "add_title"}}, {"model": "auth.permission", "pk": 34, "fields": {"name": "Can change title", "content_type": 9, "codename": "change_title"}}, {"model": "auth.permission", "pk": 35, "fields": {"name": "Can delete title", "content_type": 9, "codename": "delete_title"}}, {"model": "auth.permission", "pk": 36, "fields": {"name": "Can view title", "content_type": 9, "codename": "view_title"}}, {"model": "contenttypes.contenttype", "pk": 1, "fields": {"app_label": "admin", "model": "logentry"}}, {"model": "contenttypes.contenttype", "pk": 2, "fields": {"app_label": "auth", "model": "permission"}}, {"model": "contenttypes.contenttype", "pk": 3, "fields": {"app_label": "auth", "model": "group"}}, {"model": "contenttypes.contenttype", "pk": 4, "fields": {"app_label": "auth", "model": "user"}}, {"model": "contenttypes.contenttype", "pk": 5, "fields": {"app_label": "contenttypes", "model": "contenttype"}}, {"model": "contenttypes.contenttype", "pk": 6, "fields": {"app_label": "sessions", "model": "session"}}, {"model": "contenttypes.contenttype", "pk": 7, "fields": {"app_label": "reviews", "model": "category"}}, {"model": "contenttypes.contenttype", "pk": 8, "fields": {"app_label": "reviews", "model": "genre"}}, {"model": "contenttypes.contenttype", "pk": 9, "fields": {"app_label": "reviews", "model": "title"}}, {"model": "reviews.category", "pk": 1, "fields": {"name": "movie", "slug": "Фильм"}}, {"model": "reviews.category", "pk": 2, "fields": {"name": "book", "slug": "Книга"}}, {"model": "reviews.category", "pk": 3, "fields": {"name": "music", "slug": "Музыка"}}, {"model": "reviews.genre", "pk": 1, "fields": {"name": "drama", "slug": "Драма"}}, {"model": "reviews.genre", "pk": 2, "fields": {"name": "comedy", "slug": "Комедия"}}, {"model": "reviews.genre", "pk": 3, "fields": {"name": "western", "slug": "Вестерн"}}, {"model": "reviews.genre", "pk": 4, "fields": {"name": "fantasy", "slug": "Фэнтези"}}, {"model": "reviews.genre", "pk": 5, "fields": {"name": "sci-fi", "slug": "Фантастика"}}, {"model": "reviews.genre", "pk": 6, "fields": {"name": "detective", "slug": "Детектив"}}, {"model": "reviews.genre", "pk": 7, "fields": {"name": "thriller", "slug": "Триллер"}}, {"model": "reviews.genre", "pk": 8, "fields": {"name": "tale", "slug": "Сказка"}}, {"model": "reviews.genre", "pk": 9, "fields": {"name": "gonzo", "slug": "Гонзо"}}, {"model": "reviews.genre", "pk": 10, "fields": {"name": "roman", "slug": "Роман"}}, {"model": "reviews.genre", "pk": 11, "fields": {"name": "ballad", "slug": "Баллада"}}, {"model": "reviews.genre", "pk": 12, "fields": {"name": "rock-n-roll", "slug": "Rock-n-roll"}}, {"model": "reviews.genre", "pk": 13, "fields": {"name": "classical", "slug": "Классика"}}, {"model": "reviews.genre", "pk": 14, "fields": {"name": "rock", "slug": "Рок"}}, {"model": "reviews.genre", "pk": 15, "fields": {"name": "chanson", "slug": "Шансон"}}, {"model": "reviews.title", "pk": 1, "fields": {"name": "Побег из Шоушенка", "year": 1994, "category": 1, "description": "", "genre": [1, 2, 3, 4, 9, 12, 13]}}, {"model": "reviews.title", "pk": 2, "fields": {"name": "Крестный отец", "year": 1972, "category": 1, "description": "", "genre": [5, 9, 15]}}, {"model": "reviews.title", "pk": 3, "fields": {"name": "12 разгневанных мужчин", "year": 1957, "category": 1, "description": "", "genre": [6]}}, {"model": "reviews.title", "pk": 4, "fields": {"name": "Список Шиндлера", "year": 1993, "category": 1, "description": "", "genre": [7, 10, 11]}}, {"model": "reviews.title", "pk": 5, "fields": {"name": "Криминальное чтиво", "year": 1994, "category": 1, "description": "", "genre": [12, 14]}}, {"model": "reviews.title", "pk": 6, "fields": {"name": "Хороший, плохой, злой", "year": 1966, "category": 1, "description": "", "genre": [5, 12, 15]}}, {"model": "reviews.title", "pk": 7, "fields": {"name": "Властелин колец: Братство кольца", "year": 2001, "category": 1, "description": "", "genre": [5, 8]}}, {"model": "reviews.title", "pk": 8, "fields": {"name": "Бойцовский клуб", "year": 1999, "category": 1, "description": "", "genre": [12, 15]}}, {"model": "reviews.title", "pk": 9, "fields": {"name": "Форрест Гамп", "year": 1994, "category": 1, "description": "", "genre": []}}, {"model": "reviews.title", "pk": 10, "fields": {"name": "Звёздные войны. Эпизод 5: Империя наносит ответный удар", "year": 1980, "category": 1, "description": "", "genre": []}}, {"model": "reviews.title", "pk": 11, "fields": {"name": "Властелин колец: Две крепости", "year": 2002, "category": 1, "description": "", "genre": []}}, {"model": "reviews.title", "pk": 12, "fields": {"name": "Матрица", "year": 1999, "category": 1, "description": "", "genre": []}}, {"model": "reviews.title", "pk": 13, "fields": {"name": "Пролетая над гнездом кукушки", "year": 1975, "category": 1, "description": "", "genre": []}}, {"model": "reviews.title", "pk": 14, "fields": {"name": "Назад в будущее", "year": 1985, "category": 1, "description": "", "genre": []}}, {"model": "reviews.title", "pk": 15, "fields": {"name": "Операция «Ы» и другие приключения Шурика", "year": 1965, "category": 1, "description": "", "genre": []}}, {"model": "reviews.title", "pk": 16, "fields": {"name": "Карты, деньги, два ствола", "year": 1998, "category": 1, "description": "", "genre": []}}, {"model": "reviews.title", "pk": 17, "fields": {"name": "Джентльмены удачи ", "year": 1971, "category": 1, "description": "", "genre": []}}, {"model": "reviews.title", "pk": 18, "fields": {"name": "Джанго освобожденный", "year": 2012, "category": 1, "description": "", "genre": []}}, {"model": "reviews.title", "pk": 19, "fields": {"name": "Generation П", "year": 2011, "category": 1, "description": "", "genre": []}}, {"model": "reviews.title", "pk": 20, "fields": {"name": "Колобок", "year": 1873, "category": 2, "description": "", "genre": []}}, {"model": "reviews.title", "pk": 21, "fields": {"name": "Страх и ненависть в Лас-Вегасе", "year": 1971, "category": 2, "description": "", "genre": []}}, {"model": "reviews.title", "pk": 22, "fields": {"name": "Война и мир", "year": 1865, "category": 2, "description": "", "genre": []}}, {"model": "reviews.title", "pk": 23, "fields": {"name": "Улисс", "year": 1918, "category": 2, "description": "", "genre": []}}, {"model": "reviews.title", "pk": 24, "fields": {"name": "Generation П", "year": 1999, "category": 2, "description": "", "genre": []}}, {"model": "reviews.title", "pk": 25, "fields": {"name": "Винни Пух и все-все-все", "year": 1926, "category": 2, "description": "", "genre": []}}, {"model": "reviews.title", "pk": 26, "fields": {"name": "Стас Михайлов - Позывные на любовь", "year": 2004, "category": 3, "description": "", "genre": []}}, {"model": "reviews.title", "pk": 27, "fields": {"name": "Led Zeppelin — Stairway to Heaven", "year": 1971, "category": 3, "description": "", "genre": []}}, {"model": "reviews.title", "pk": 28, "fields": {"name": "Jethro Tull - Aqualung", "year": 1971, "category": 3, "description": "", "genre": []}}, {"model": "reviews.title", "pk": 29, "fields": {"name": "Elvis Presley - Blue Suede Shoes", "year": 1955, "category": 3, "description": "", "genre": []}}, {"model": "reviews.title", "pk": 30, "fields": {"name": "Deep Purple — Smoke on the Water", "year": 1971, "category": 3, "description": "", "genre": []}}, {"model": "reviews.title", "pk": 31, "fields": {"name": "Моцарт - Турецкий марш", "year": 1784, "category": 3, "description": "", "genre": []}}, {"model": "reviews.title", "pk": 32, "fields": {"name": "Бах. Оркестровая Сюита №2 си минор", "year": 1739, "category": 3, "description": "", "genre": []}}, {"model": "reviews.title", "pk": 33, "fields": {"name": "Akame Killer", "year": 2000, "category": 1, "description": "", "genre": [1, 2, 4, 9]}}]